,Apellidos,Año Finalización,Año Inicio,CP (Centro de estudios anteriores),Campo de firma 16,Campo de firma 17,Código postal,Dirección,Email,Estudio en el que desea matricularse,Estudios previos finalizados,Fecha de nacimiento,Mes que finalizó,Móvil,NIF,Nacionalidad,No,Nombre,Nombre del centro,Población,Población (Centro de estudios anteriores),Provincia,Provincia (Centro de estudios anteriores),Sí,Teléfono fijo,archivo
/Off,Carratala Sanchis,,,,,,,,,Comercio Internacional (online),,,,,,,/Off,Jose Vicente,,,,,,/Off,,formularioprocesar - copia (2).pdf
/Off,Carratala Sanchis,,,,,,,,,Comercio Internacional (online),,,,,,,/Off,Jose Vicente,,,,,,/Off,,formularioprocesar - copia (3).pdf
/Off,Carratala Sanchis,,,,,,,,,Comercio Internacional (online),,,,,,,/Off,Jose Vicente,,,,,,/Off,,formularioprocesar - copia (4).pdf
/Off,Carratala Sanchis,,,,,,,,,Comercio Internacional (online),,,,,,,/Off,Jose Vicente,,,,,,/Off,,formularioprocesar - copia (5).pdf
/Off,Carratala Sanchis,,,,,,,,,Comercio Internacional (online),,,,,,,/Off,Jose Vicente,,,,,,/Off,,formularioprocesar - copia (6).pdf
/Off,Carratala Sanchis,,,,,,,,,Comercio Internacional (online),,,,,,,/Off,Jose Vicente,,,,,,/Off,,formularioprocesar - copia (7).pdf
/Off,Carratala Sanchis,,,,,,,,,Comercio Internacional (online),,,,,,,/Off,Jose Vicente,,,,,,/Off,,formularioprocesar - copia (8).pdf
/Off,Carratala Sanchis,,,,,,,,,Comercio Internacional (online),,,,,,,/Off,Jose Vicente,,,,,,/Off,,formularioprocesar - copia.pdf
/Off,Carratala Sanchis,,,,,,,,,Comercio Internacional (online),,,,,,,/Off,Jose Vicente,,,,,,/Off,,formularioprocesar.pdf
